<?xml version="1.0" encoding="UTF-8"?>
<project-private xmlns="http://www.netbeans.org/ns/project-private/1">
    <editor-bookmarks xmlns="http://www.netbeans.org/ns/editor-bookmarks/2" lastBookmarkId="0"/>
    <open-files xmlns="http://www.netbeans.org/ns/projectui-open-files/2">
        <group>
            <file>file:/D:/M6_AppXat_MongoDB/MongoDB2/src/projecte/WhatsappVista.java</file>
            <file>file:/D:/M6_AppXat_MongoDB/MongoDB2/src/projecte/login.java</file>
            <file>file:/D:/M6_AppXat_MongoDB/MongoDB2/src/projecte/chats.java</file>
        </group>
    </open-files>
</project-private>
